{"v":"5.12.2","fr":30,"ip":0,"op":120,"w":1200,"h":1200,"nm":"MOLOT","ddd":0,"assets":[],"layers":[{"ddd":0,"ind":1,"ty":4,"nm":"STR_06","sr":1,"ks":{"o":{"a":0,"k":100,"ix":11},"r":{"a":1,"k":[{"i":{"x":[0],"y":[1]},"o":{"x":[0.183],"y":[0]},"t":67,"s":[0]},{"t":89,"s":[360]}],"ix":10},"p":{"a":1,"k":[{"i":{"x":0,"y":1},"o":{"x":0.268,"y":0},"t":67,"s":[600,885,0],"to":[-15.167,-33.667,0],"ti":[15.167,33.667,0]},{"t":89,"s":[509,683,0]}],"ix":2,"l":2},"a":{"a":0,"k":[0,0,0],"ix":1,"l":2},"s":{"a":1,"k":[{"i":{"x":[0.667,0.667,0.667],"y":[1,1,1]},"o":{"x":[0.333,0.333,0.333],"y":[0,0,0]},"t":67,"s":[0,0,100]},{"i":{"x":[0.667,0.667,0.667],"y":[1,1,1]},"o":{"x":[0.333,0.333,0.333],"y":[0,0,0]},"t":74,"s":[100,100,100]},{"t":89,"s":[0,0,100]}],"ix":6,"l":2}},"ao":0,"shapes":[{"ty":"sr","sy":1,"d":1,"pt":{"a":0,"k":5,"ix":3},"p":{"a":0,"k":[0,0],"ix":4},"r":{"a":0,"k":0,"ix":5},"ir":{"a":0,"k":30,"ix":6},"is":{"a":0,"k":0,"ix":8},"or":{"a":0,"k":73,"ix":7},"os":{"a":0,"k":0,"ix":9},"ix":1,"nm":"Polystar Path 1","mn":"ADBE Vector Shape - Star","hd":false},{"ty":"fl","c":{"a":0,"k":[1,0.752941250801,0,1],"ix":4},"o":{"a":0,"k":100,"ix":5},"r":1,"bm":0,"nm":"Fill 1","mn":"ADBE Vector Graphic - Fill","hd":false}],"ip":0,"op":120,"st":0,"ct":1,"bm":0},{"ddd":0,"ind":2,"ty":4,"nm":"STR_05","sr":1,"ks":{"o":{"a":0,"k":100,"ix":11},"r":{"a":1,"k":[{"i":{"x":[0],"y":[1]},"o":{"x":[0.183],"y":[0]},"t":67,"s":[0]},{"t":87,"s":[360]}],"ix":10},"p":{"a":1,"k":[{"i":{"x":0,"y":1},"o":{"x":0.268,"y":0},"t":67,"s":[600,885,0],"to":[28,-73.167,0],"ti":[-28,73.167,0]},{"t":87,"s":[768,446,0]}],"ix":2,"l":2},"a":{"a":0,"k":[0,0,0],"ix":1,"l":2},"s":{"a":1,"k":[{"i":{"x":[0.667,0.667,0.667],"y":[1,1,1]},"o":{"x":[0.333,0.333,0.333],"y":[0,0,0]},"t":67,"s":[0,0,100]},{"i":{"x":[0.667,0.667,0.667],"y":[1,1,1]},"o":{"x":[0.333,0.333,0.333],"y":[0,0,0]},"t":76,"s":[100,100,100]},{"t":87,"s":[0,0,100]}],"ix":6,"l":2}},"ao":0,"shapes":[{"ty":"sr","sy":1,"d":1,"pt":{"a":0,"k":5,"ix":3},"p":{"a":0,"k":[0,0],"ix":4},"r":{"a":0,"k":0,"ix":5},"ir":{"a":0,"k":30,"ix":6},"is":{"a":0,"k":0,"ix":8},"or":{"a":0,"k":73,"ix":7},"os":{"a":0,"k":0,"ix":9},"ix":1,"nm":"Polystar Path 1","mn":"ADBE Vector Shape - Star","hd":false},{"ty":"fl","c":{"a":0,"k":[1,0.752941250801,0,1],"ix":4},"o":{"a":0,"k":100,"ix":5},"r":1,"bm":0,"nm":"Fill 1","mn":"ADBE Vector Graphic - Fill","hd":false}],"ip":0,"op":120,"st":0,"ct":1,"bm":0},{"ddd":0,"ind":3,"ty":4,"nm":"STR_04","sr":1,"ks":{"o":{"a":0,"k":100,"ix":11},"r":{"a":1,"k":[{"i":{"x":[0],"y":[1]},"o":{"x":[0.183],"y":[0]},"t":65,"s":[0]},{"t":93,"s":[360]}],"ix":10},"p":{"a":1,"k":[{"i":{"x":0,"y":1},"o":{"x":0.268,"y":0},"t":65,"s":[600,885,0],"to":[-12.333,-75.5,0],"ti":[12.333,75.5,0]},{"t":93,"s":[526,432,0]}],"ix":2,"l":2},"a":{"a":0,"k":[0,0,0],"ix":1,"l":2},"s":{"a":1,"k":[{"i":{"x":[0.667,0.667,0.667],"y":[1,1,1]},"o":{"x":[0.333,0.333,0.333],"y":[0,0,0]},"t":65,"s":[0,0,100]},{"i":{"x":[0.667,0.667,0.667],"y":[1,1,1]},"o":{"x":[0.333,0.333,0.333],"y":[0,0,0]},"t":72,"s":[100,100,100]},{"t":93,"s":[0,0,100]}],"ix":6,"l":2}},"ao":0,"shapes":[{"ty":"sr","sy":1,"d":1,"pt":{"a":0,"k":5,"ix":3},"p":{"a":0,"k":[0,0],"ix":4},"r":{"a":0,"k":0,"ix":5},"ir":{"a":0,"k":30,"ix":6},"is":{"a":0,"k":0,"ix":8},"or":{"a":0,"k":73,"ix":7},"os":{"a":0,"k":0,"ix":9},"ix":1,"nm":"Polystar Path 1","mn":"ADBE Vector Shape - Star","hd":false},{"ty":"fl","c":{"a":0,"k":[1,0.752941250801,0,1],"ix":4},"o":{"a":0,"k":100,"ix":5},"r":1,"bm":0,"nm":"Fill 1","mn":"ADBE Vector Graphic - Fill","hd":false}],"ip":0,"op":120,"st":0,"ct":1,"bm":0},{"ddd":0,"ind":4,"ty":4,"nm":"STR_03","sr":1,"ks":{"o":{"a":0,"k":100,"ix":11},"r":{"a":1,"k":[{"i":{"x":[0],"y":[1]},"o":{"x":[0.183],"y":[0]},"t":65,"s":[0]},{"t":84,"s":[360]}],"ix":10},"p":{"a":1,"k":[{"i":{"x":0,"y":1},"o":{"x":0.268,"y":0},"t":65,"s":[600,885,0],"to":[-52,-86,0],"ti":[52,86,0]},{"t":84,"s":[288,369,0]}],"ix":2,"l":2},"a":{"a":0,"k":[0,0,0],"ix":1,"l":2},"s":{"a":1,"k":[{"i":{"x":[0.667,0.667,0.667],"y":[1,1,1]},"o":{"x":[0.333,0.333,0.333],"y":[0,0,0]},"t":65,"s":[0,0,100]},{"i":{"x":[0.667,0.667,0.667],"y":[1,1,1]},"o":{"x":[0.333,0.333,0.333],"y":[0,0,0]},"t":69,"s":[100,100,100]},{"t":84,"s":[0,0,100]}],"ix":6,"l":2}},"ao":0,"shapes":[{"ty":"sr","sy":1,"d":1,"pt":{"a":0,"k":5,"ix":3},"p":{"a":0,"k":[0,0],"ix":4},"r":{"a":0,"k":0,"ix":5},"ir":{"a":0,"k":30,"ix":6},"is":{"a":0,"k":0,"ix":8},"or":{"a":0,"k":73,"ix":7},"os":{"a":0,"k":0,"ix":9},"ix":1,"nm":"Polystar Path 1","mn":"ADBE Vector Shape - Star","hd":false},{"ty":"fl","c":{"a":0,"k":[1,0.752941250801,0,1],"ix":4},"o":{"a":0,"k":100,"ix":5},"r":1,"bm":0,"nm":"Fill 1","mn":"ADBE Vector Graphic - Fill","hd":false}],"ip":0,"op":120,"st":0,"ct":1,"bm":0},{"ddd":0,"ind":5,"ty":4,"nm":"STR_02","sr":1,"ks":{"o":{"a":0,"k":100,"ix":11},"r":{"a":1,"k":[{"i":{"x":[0],"y":[1]},"o":{"x":[0.183],"y":[0]},"t":65,"s":[0]},{"t":87,"s":[360]}],"ix":10},"p":{"a":1,"k":[{"i":{"x":0,"y":1},"o":{"x":0.268,"y":0},"t":65,"s":[600,885,0],"to":[-78.833,-53,0],"ti":[78.833,53,0]},{"t":87,"s":[127,567,0]}],"ix":2,"l":2},"a":{"a":0,"k":[0,0,0],"ix":1,"l":2},"s":{"a":1,"k":[{"i":{"x":[0.667,0.667,0.667],"y":[1,1,1]},"o":{"x":[0.333,0.333,0.333],"y":[0,0,0]},"t":65,"s":[0,0,100]},{"i":{"x":[0.667,0.667,0.667],"y":[1,1,1]},"o":{"x":[0.333,0.333,0.333],"y":[0,0,0]},"t":71,"s":[100,100,100]},{"t":87,"s":[0,0,100]}],"ix":6,"l":2}},"ao":0,"shapes":[{"ty":"sr","sy":1,"d":1,"pt":{"a":0,"k":5,"ix":3},"p":{"a":0,"k":[0,0],"ix":4},"r":{"a":0,"k":0,"ix":5},"ir":{"a":0,"k":30,"ix":6},"is":{"a":0,"k":0,"ix":8},"or":{"a":0,"k":73,"ix":7},"os":{"a":0,"k":0,"ix":9},"ix":1,"nm":"Polystar Path 1","mn":"ADBE Vector Shape - Star","hd":false},{"ty":"fl","c":{"a":0,"k":[1,0.752941250801,0,1],"ix":4},"o":{"a":0,"k":100,"ix":5},"r":1,"bm":0,"nm":"Fill 1","mn":"ADBE Vector Graphic - Fill","hd":false}],"ip":0,"op":120,"st":0,"ct":1,"bm":0},{"ddd":0,"ind":6,"ty":4,"nm":"STR_01","sr":1,"ks":{"o":{"a":0,"k":100,"ix":11},"r":{"a":1,"k":[{"i":{"x":[0],"y":[1]},"o":{"x":[0.183],"y":[0]},"t":64,"s":[0]},{"t":84,"s":[360]}],"ix":10},"p":{"a":1,"k":[{"i":{"x":0,"y":1},"o":{"x":0.268,"y":0},"t":64,"s":[600,885,0],"to":[-67.667,-16.333,0],"ti":[67.667,16.333,0]},{"t":84,"s":[194,787,0]}],"ix":2,"l":2},"a":{"a":0,"k":[0,0,0],"ix":1,"l":2},"s":{"a":1,"k":[{"i":{"x":[0.667,0.667,0.667],"y":[1,1,1]},"o":{"x":[0.333,0.333,0.333],"y":[0,0,0]},"t":64,"s":[0,0,100]},{"i":{"x":[0.667,0.667,0.667],"y":[1,1,1]},"o":{"x":[0.333,0.333,0.333],"y":[0,0,0]},"t":70.25,"s":[100,100,100]},{"t":84,"s":[0,0,100]}],"ix":6,"l":2}},"ao":0,"shapes":[{"ty":"sr","sy":1,"d":1,"pt":{"a":0,"k":5,"ix":3},"p":{"a":0,"k":[0,0],"ix":4},"r":{"a":0,"k":0,"ix":5},"ir":{"a":0,"k":30,"ix":6},"is":{"a":0,"k":0,"ix":8},"or":{"a":0,"k":73,"ix":7},"os":{"a":0,"k":0,"ix":9},"ix":1,"nm":"Polystar Path 1","mn":"ADBE Vector Shape - Star","hd":false},{"ty":"fl","c":{"a":0,"k":[1,0.752941250801,0,1],"ix":4},"o":{"a":0,"k":100,"ix":5},"r":1,"bm":0,"nm":"Fill 1","mn":"ADBE Vector Graphic - Fill","hd":false}],"ip":0,"op":120,"st":0,"ct":1,"bm":0},{"ddd":0,"ind":7,"ty":4,"nm":"MOLOT","sr":1,"ks":{"o":{"a":0,"k":100,"ix":11},"r":{"a":1,"k":[{"i":{"x":[0.833],"y":[1]},"o":{"x":[0.167],"y":[0]},"t":15,"s":[-117]},{"i":{"x":[0.085],"y":[1]},"o":{"x":[0.224],"y":[0]},"t":30,"s":[-82]},{"i":{"x":[0.833],"y":[1]},"o":{"x":[1],"y":[0]},"t":50,"s":[1]},{"i":{"x":[0],"y":[1]},"o":{"x":[0.139],"y":[0]},"t":64,"s":[-90]},{"t":78,"s":[-36]}],"ix":10},"p":{"a":1,"k":[{"i":{"x":0.649,"y":0.886},"o":{"x":0.302,"y":0},"t":15,"s":[1589.201,889,0],"to":[-30.222,0,0],"ti":[64.111,2.15,0]},{"i":{"x":0.672,"y":0},"o":{"x":0.328,"y":1},"t":30,"s":[882.752,634.051,0],"to":[-174.889,-5.865,0],"ti":[0,0,0]},{"i":{"x":0.649,"y":0.649},"o":{"x":0.407,"y":0.407},"t":64,"s":[837.752,723.051,0],"to":[0,0,0],"ti":[0,0,0]},{"i":{"x":0.649,"y":0.908},"o":{"x":0.407,"y":0.107},"t":90,"s":[837.752,723.051,0],"to":[0,0,0],"ti":[0,0,0]},{"t":105,"s":[1767.752,723.051,0]}],"ix":2,"l":2},"a":{"a":0,"k":[2,194,0],"ix":1,"l":2},"s":{"a":0,"k":[120,120,100],"ix":6,"l":2}},"ao":0,"shapes":[{"ty":"gr","it":[{"ty":"rc","d":1,"s":{"a":0,"k":[159,127],"ix":2},"p":{"a":0,"k":[0,0],"ix":3},"r":{"a":0,"k":0,"ix":4},"nm":"Rectangle Path 1","mn":"ADBE Vector Shape - Rect","hd":false},{"ty":"fl","c":{"a":0,"k":[0.376470595598,0.376470595598,0.376470595598,1],"ix":4},"o":{"a":0,"k":100,"ix":5},"r":1,"bm":0,"nm":"Fill 2","mn":"ADBE Vector Graphic - Fill","hd":false},{"ty":"rc","d":1,"s":{"a":0,"k":[260,127],"ix":2},"p":{"a":0,"k":[0,0],"ix":3},"r":{"a":0,"k":20,"ix":4},"nm":"Rectangle Path 2","mn":"ADBE Vector Shape - Rect","hd":false},{"ty":"fl","c":{"a":0,"k":[0.239215686917,0.239215686917,0.239215686917,1],"ix":4},"o":{"a":0,"k":100,"ix":5},"r":1,"bm":0,"nm":"Fill 1","mn":"ADBE Vector Graphic - Fill","hd":false},{"ty":"tr","p":{"a":0,"k":[0,0],"ix":2},"a":{"a":0,"k":[0,0],"ix":1},"s":{"a":0,"k":[100,100],"ix":3},"r":{"a":0,"k":0,"ix":6},"o":{"a":0,"k":100,"ix":7},"sk":{"a":0,"k":0,"ix":4},"sa":{"a":0,"k":0,"ix":5},"nm":"Transform"}],"nm":"MOLOT","np":4,"cix":2,"bm":0,"ix":1,"mn":"ADBE Vector Group","hd":false},{"ty":"gr","it":[{"ty":"rc","d":1,"s":{"a":0,"k":[50,20],"ix":2},"p":{"a":0,"k":[0,120],"ix":3},"r":{"a":0,"k":0,"ix":4},"nm":"Rectangle Path 2","mn":"ADBE Vector Shape - Rect","hd":false},{"ty":"rc","d":1,"s":{"a":0,"k":[50,20],"ix":2},"p":{"a":0,"k":[0,160],"ix":3},"r":{"a":0,"k":0,"ix":4},"nm":"Rectangle Path 3","mn":"ADBE Vector Shape - Rect","hd":false},{"ty":"fl","c":{"a":0,"k":[1,0.752941191196,0,1],"ix":4},"o":{"a":0,"k":100,"ix":5},"r":1,"bm":0,"nm":"Fill 2","mn":"ADBE Vector Graphic - Fill","hd":false},{"ty":"rc","d":1,"s":{"a":0,"k":[50,400],"ix":2},"p":{"a":0,"k":[0,0],"ix":3},"r":{"a":0,"k":17,"ix":4},"nm":"Rectangle Path 1","mn":"ADBE Vector Shape - Rect","hd":false},{"ty":"fl","c":{"a":0,"k":[0.729411780834,0.360415250063,0,1],"ix":4},"o":{"a":0,"k":100,"ix":5},"r":1,"bm":0,"nm":"Fill 1","mn":"ADBE Vector Graphic - Fill","hd":false},{"ty":"tr","p":{"a":0,"k":[0,107],"ix":2},"a":{"a":0,"k":[0,0],"ix":1},"s":{"a":0,"k":[100,100],"ix":3},"r":{"a":0,"k":0,"ix":6},"o":{"a":0,"k":100,"ix":7},"sk":{"a":0,"k":0,"ix":4},"sa":{"a":0,"k":0,"ix":5},"nm":"Transform"}],"nm":"RYCHKA","np":5,"cix":2,"bm":0,"ix":2,"mn":"ADBE Vector Group","hd":false}],"ip":0,"op":120,"st":0,"ct":1,"bm":0},{"ddd":0,"ind":8,"ty":4,"nm":"MATTE","td":1,"sr":1,"ks":{"o":{"a":0,"k":100,"ix":11},"r":{"a":0,"k":0,"ix":10},"p":{"a":0,"k":[600,601,0],"ix":2,"l":2},"a":{"a":0,"k":[0,0,0],"ix":1,"l":2},"s":{"a":0,"k":[100,100,100],"ix":6,"l":2}},"ao":0,"shapes":[{"ty":"rc","d":1,"s":{"a":0,"k":[616,71],"ix":2},"p":{"a":0,"k":[0,442],"ix":3},"r":{"a":0,"k":0,"ix":4},"nm":"Rectangle Path 1","mn":"ADBE Vector Shape - Rect","hd":false},{"ty":"fl","c":{"a":0,"k":[0,0.117647044361,1,1],"ix":4},"o":{"a":0,"k":100,"ix":5},"r":1,"bm":0,"nm":"Fill 1","mn":"ADBE Vector Graphic - Fill","hd":false}],"ip":0,"op":120,"st":0,"ct":1,"bm":0},{"ddd":0,"ind":9,"ty":4,"nm":"KNOPKA","tt":2,"tp":8,"sr":1,"ks":{"o":{"a":0,"k":100,"ix":11},"r":{"a":0,"k":0,"ix":10},"p":{"a":1,"k":[{"i":{"x":0.667,"y":1},"o":{"x":0.333,"y":0},"t":0,"s":[-375,1000,0],"to":[162.5,0,0],"ti":[-162.5,0,0]},{"i":{"x":0.667,"y":0.667},"o":{"x":0.333,"y":0.333},"t":15,"s":[600,1000,0],"to":[0,0,0],"ti":[0,0,0]},{"i":{"x":0.667,"y":1},"o":{"x":0.333,"y":0},"t":90,"s":[600,1000,0],"to":[155,0,0],"ti":[-155,0,0]},{"t":105,"s":[1530,1000,0]}],"ix":2,"l":2},"a":{"a":0,"k":[0,0,0],"ix":1,"l":2},"s":{"a":0,"k":[100,100,100],"ix":6,"l":2}},"ao":0,"shapes":[{"ty":"gr","it":[{"ty":"rc","d":1,"s":{"a":0,"k":[600,16],"ix":2},"p":{"a":0,"k":[0,0],"ix":3},"r":{"a":0,"k":20,"ix":4},"nm":"Rectangle Path 1","mn":"ADBE Vector Shape - Rect","hd":false},{"ty":"fl","c":{"a":0,"k":[0.607843160629,0.607843160629,0.607843160629,1],"ix":4},"o":{"a":0,"k":100,"ix":5},"r":1,"bm":0,"nm":"Fill 1","mn":"ADBE Vector Graphic - Fill","hd":false},{"ty":"tr","p":{"a":0,"k":[0,0],"ix":2},"a":{"a":0,"k":[0,0],"ix":1},"s":{"a":0,"k":[100,100],"ix":3},"r":{"a":0,"k":0,"ix":6},"o":{"a":0,"k":100,"ix":7},"sk":{"a":0,"k":0,"ix":4},"sa":{"a":0,"k":0,"ix":5},"nm":"Transform"}],"nm":"LINE","np":2,"cix":2,"bm":0,"ix":1,"mn":"ADBE Vector Group","hd":false},{"ty":"gr","it":[{"ind":0,"ty":"sh","ix":1,"ks":{"a":0,"k":{"i":[[0,0],[0,0],[0,0],[0,0]],"o":[[0,0],[0,0],[0,0],[-1,0]],"v":[[150,-7],[150,33.25],[-150,33.125],[-150,-7]],"c":true},"ix":2},"nm":"Path 1","mn":"ADBE Vector Shape - Group","hd":false},{"ty":"fl","c":{"a":0,"k":[0.239215701818,0.239215701818,0.239215701818,1],"ix":4},"o":{"a":0,"k":100,"ix":5},"r":1,"bm":0,"nm":"Fill 2","mn":"ADBE Vector Graphic - Fill","hd":false},{"ind":2,"ty":"sh","ix":3,"ks":{"a":0,"k":{"i":[[-23.748,0],[0,0],[0,-23.748],[0,0],[0,0],[0,0]],"o":[[0,0],[23.748,0],[0,0],[0,0],[0,0],[0,-23.748]],"v":[[-107,-50],[107,-50],[150,-7],[150,33.25],[-150,33.125],[-150,-7]],"c":true},"ix":2},"nm":"Path 2","mn":"ADBE Vector Shape - Group","hd":false},{"ty":"fl","c":{"a":0,"k":[0.376470625401,0.376470625401,0.376470625401,1],"ix":4},"o":{"a":0,"k":100,"ix":5},"r":1,"bm":0,"nm":"Fill 1","mn":"ADBE Vector Graphic - Fill","hd":false},{"ty":"tr","p":{"a":1,"k":[{"i":{"x":0.667,"y":1},"o":{"x":0.333,"y":0},"t":64,"s":[0,-38],"to":[0,7.333],"ti":[0,0]},{"i":{"x":0.667,"y":0.877},"o":{"x":0.333,"y":0},"t":67,"s":[0,6],"to":[0,0],"ti":[0,5.6]},{"i":{"x":0.667,"y":1},"o":{"x":0.333,"y":0.09},"t":71.339,"s":[0,-37.216],"to":[0,-7.214],"ti":[0,2.721]},{"i":{"x":0.833,"y":1},"o":{"x":0.167,"y":0},"t":74,"s":[0,-3],"to":[0,-4.833],"ti":[0,5.833]},{"t":76.3349609375,"s":[0,-38]}],"ix":2},"a":{"a":0,"k":[0,0],"ix":1},"s":{"a":0,"k":[100,100],"ix":3},"r":{"a":0,"k":0,"ix":6},"o":{"a":0,"k":100,"ix":7},"sk":{"a":0,"k":0,"ix":4},"sa":{"a":0,"k":0,"ix":5},"nm":"Transform"}],"nm":"KNOPA","np":4,"cix":2,"bm":0,"ix":2,"mn":"ADBE Vector Group","hd":false},{"ty":"gr","it":[{"ty":"rc","d":1,"s":{"a":0,"k":[177,130],"ix":2},"p":{"a":0,"k":[0,-77],"ix":3},"r":{"a":0,"k":83,"ix":4},"nm":"Rectangle Path 1","mn":"ADBE Vector Shape - Rect","hd":false},{"ty":"fl","c":{"a":0,"k":[1,0,0,1],"ix":4},"o":{"a":0,"k":100,"ix":5},"r":1,"bm":0,"nm":"Fill 1","mn":"ADBE Vector Graphic - Fill","hd":false},{"ty":"tr","p":{"a":1,"k":[{"i":{"x":0.833,"y":1},"o":{"x":0.333,"y":0},"t":65,"s":[0,0],"to":[0,10.333],"ti":[0,2.333]},{"i":{"x":0.833,"y":1},"o":{"x":0.333,"y":0},"t":68.514,"s":[0,62],"to":[0,-2.333],"ti":[0,3.167]},{"i":{"x":0.833,"y":1},"o":{"x":0.333,"y":0},"t":73.004,"s":[0,-14],"to":[0,-3.167],"ti":[0,-2.333]},{"i":{"x":0.833,"y":1},"o":{"x":0.333,"y":0},"t":76,"s":[0,43],"to":[0,2.333],"ti":[0,7.167]},{"t":79,"s":[0,0]}],"ix":2},"a":{"a":0,"k":[0,0],"ix":1},"s":{"a":0,"k":[100,100],"ix":3},"r":{"a":0,"k":0,"ix":6},"o":{"a":0,"k":100,"ix":7},"sk":{"a":0,"k":0,"ix":4},"sa":{"a":0,"k":0,"ix":5},"nm":"Transform"}],"nm":"VERX","np":2,"cix":2,"bm":0,"ix":3,"mn":"ADBE Vector Group","hd":false}],"ip":0,"op":120,"st":0,"ct":1,"bm":0}],"markers":[],"props":{}}